"Email Address","First Name","Last Name",Address,"Phone Number",Birthday,"Early Access Group","How did you find us?","Communications Type","VL Campaign","User Status",MEMBER_RATING,OPTIN_TIME,OPTIN_IP,CONFIRM_TIME,CONFIRM_IP,LATITUDE,LONGITUDE,GMTOFF,DSTOFF,TIMEZONE,CC,REGION,CLEAN_TIME,CLEAN_CAMPAIGN_TITLE,CLEAN_CAMPAIGN_ID,LEID,EUID,NOTES,TAGS
Kayley_Kiehn@hotmail.com,,,,,,,,"General Newsletter, Blog Updates",,,1,"2021-02-14 20:58:19",,"2021-02-14 20:58:19",54.225.1.174,,,,,,,,"2021-02-16 06:48:02","February 2021 Newsletter",f9b3a56357,382344677,131dbae7bb,,
spe@qwello.eu,Sylvia,Perez,,,,,,,,User,1,"2020-08-05 20:47:33",,"2020-08-05 20:47:33",3.236.213.243,,,,,,,,"2021-06-25 06:32:31","June 2021 Newsletter",7f5f33ab35,364893266,10c0200327,,
magdi@healthtv.tv,,,,,,,"LinkedIn Ads","Blog Updates",,,1,"2020-11-18 08:08:54",,"2020-11-18 08:08:54",34.200.252.167,,,,,,,,"2021-01-28 06:18:20","January 2021 Newsletter",294e39d17f,369037253,1a0eb3b612,,
vaishaliparma2109@gmail.com,,,,,,,,,,,1,"2020-10-10 06:03:49",,"2020-10-10 06:03:49",103.121.243.42,19.0700000,72.8800000,6,6,Asia/Kolkata,IN,MH,"2020-10-25 19:02:18","October 2020 Newsletter",179a853f05,367642285,d4336af23f,,
Malika_Sanford@hotmail.com,,,,,,,,"General Newsletter, Blog Updates",,,1,"2021-04-04 04:44:04",,"2021-04-04 04:44:04",54.158.131.73,,,,,,,,"2021-04-07 18:18:10","w/c 5 April - Weekly Update",0ef0b6b334,390807713,f12b65229f,,
oliver.rukavina@gmail.com,Oliver,“DL”,,,,,"Product Hunt",,,,1,"2020-11-05 16:17:28",,"2020-11-05 16:17:28",3.238.23.33,46.2400000,'-63.1400000,,,902,ca,pe,"2021-06-25 06:34:08","June 2021 Newsletter",7f5f33ab35,368509925,61c3a6497c,,
paul@northzone.com,Paul,Murphy,,,,,,"General Newsletter",,,1,"2020-02-13 07:10:47",,"2020-02-13 07:10:47",54.86.134.228,,,,,,,,"2021-07-23 07:20:23","July 2021 Newsletter",6962f0c97c,349330421,2b868bc96f,,
